year,prefecture_code,prefecture_name,analysis_population_n,scene_stay_ge30_n,scene_stay_ge30_share_reported_pct,scene_stay_ge45_n,scene_stay_ge60_n,source_pdf_filename,source_pdf_page,extraction_method,double_check_status,scene_stay_ge30_share_calculated_pct,rounding_difference_pp
2014,1,北海道,20830,803,3.9,167,55,2014_fdma_acceptance_friction.pdf,10,pdftotext_layout_plus_render_review,checked,3.85501680268843,-0.04498319731156997
2014,2,青森県,6995,152,2.2,37,12,2014_fdma_acceptance_friction.pdf,10,pdftotext_layout_plus_render_review,checked,2.172980700500357,-0.02701929949964299
2014,3,岩手県,6072,246,4.1,49,16,2014_fdma_acceptance_friction.pdf,10,pdftotext_layout_plus_render_review,checked,4.051383399209486,-0.04861660079051333
2014,4,宮城県,9120,921,10.1,238,81,2014_fdma_acceptance_friction.pdf,10,pdftotext_layout_plus_render_review,checked,10.098684210526315,-0.0013157894736846032
2014,5,秋田県,6880,56,0.8,20,11,2014_fdma_acceptance_friction.pdf,10,pdftotext_layout_plus_render_review,checked,0.813953488372093,0.013953488372092981
2014,6,山形県,6296,280,4.4,50,9,2014_fdma_acceptance_friction.pdf,10,pdftotext_layout_plus_render_review,checked,4.447268106734435,0.04726810673443449
2014,7,福島県,8809,469,5.3,108,37,2014_fdma_acceptance_friction.pdf,10,pdftotext_layout_plus_render_review,checked,5.324100351912817,0.024100351912816897
2014,8,茨城県,9865,614,6.2,150,66,2014_fdma_acceptance_friction.pdf,10,pdftotext_layout_plus_render_review,checked,6.224024328433857,0.024024328433856823
2014,9,栃木県,7657,434,5.7,101,37,2014_fdma_acceptance_friction.pdf,10,pdftotext_layout_plus_render_review,checked,5.668016194331984,-0.031983805668016174
2014,10,群馬県,8341,308,3.7,79,25,2014_fdma_acceptance_friction.pdf,10,pdftotext_layout_plus_render_review,checked,3.6926028054190145,-0.007397194580985644
2014,11,埼玉県,23680,3704,15.6,1160,448,2014_fdma_acceptance_friction.pdf,10,pdftotext_layout_plus_render_review,checked,15.641891891891891,0.041891891891891575
2014,12,千葉県,18783,2322,12.4,580,214,2014_fdma_acceptance_friction.pdf,10,pdftotext_layout_plus_render_review,checked,12.362242453282223,-0.03775754671777776
2014,13,東京都,44575,2730,6.1,810,267,2014_fdma_acceptance_friction.pdf,10,pdftotext_layout_plus_render_review,checked,6.12450925406618,0.024509254066180652
2014,14,神奈川県,32297,2479,7.7,538,177,2014_fdma_acceptance_friction.pdf,10,pdftotext_layout_plus_render_review,checked,7.675635507941914,-0.024364492058086107
2014,15,新潟県,9861,679,6.9,137,38,2014_fdma_acceptance_friction.pdf,10,pdftotext_layout_plus_render_review,checked,6.885711388297333,-0.014288611702667708
2014,16,富山県,3455,23,0.7,9,7,2014_fdma_acceptance_friction.pdf,10,pdftotext_layout_plus_render_review,checked,0.6657018813314037,-0.03429811866859622
2014,17,石川県,5049,118,2.3,27,11,2014_fdma_acceptance_friction.pdf,10,pdftotext_layout_plus_render_review,checked,2.3370964547435134,0.03709645474351353
2014,18,福井県,3300,40,1.2,17,9,2014_fdma_acceptance_friction.pdf,10,pdftotext_layout_plus_render_review,checked,1.2121212121212122,0.0121212121212122
2014,19,山梨県,3585,146,4.1,27,8,2014_fdma_acceptance_friction.pdf,10,pdftotext_layout_plus_render_review,checked,4.072524407252441,-0.027475592747558508
2014,20,長野県,8720,202,2.3,56,24,2014_fdma_acceptance_friction.pdf,10,pdftotext_layout_plus_render_review,checked,2.31651376146789,0.016513761467890298
2014,21,岐阜県,8941,131,1.5,47,25,2014_fdma_acceptance_friction.pdf,10,pdftotext_layout_plus_render_review,checked,1.4651604965887484,-0.03483950341125164
2014,22,静岡県,9691,323,3.3,55,17,2014_fdma_acceptance_friction.pdf,10,pdftotext_layout_plus_render_review,checked,3.33298937158188,0.03298937158188009
2014,23,愛知県,18857,181,1.0,58,22,2014_fdma_acceptance_friction.pdf,10,pdftotext_layout_plus_render_review,checked,0.9598557564830037,-0.0401442435169963
2014,24,三重県,8245,462,5.6,110,63,2014_fdma_acceptance_friction.pdf,10,pdftotext_layout_plus_render_review,checked,5.603395997574287,0.003395997574287435
2014,25,滋賀県,3362,92,2.7,22,10,2014_fdma_acceptance_friction.pdf,10,pdftotext_layout_plus_render_review,checked,2.7364663890541343,0.03646638905413413
2014,26,京都府,7400,186,2.5,35,17,2014_fdma_acceptance_friction.pdf,10,pdftotext_layout_plus_render_review,checked,2.5135135135135136,0.013513513513513598
2014,27,大阪府,11860,663,5.6,160,65,2014_fdma_acceptance_friction.pdf,10,pdftotext_layout_plus_render_review,checked,5.590219224283305,-0.009780775716694556
2014,28,兵庫県,16336,932,5.7,192,72,2014_fdma_acceptance_friction.pdf,10,pdftotext_layout_plus_render_review,checked,5.7051909892262485,0.005190989226248277
2014,29,奈良県,4135,670,16.2,197,80,2014_fdma_acceptance_friction.pdf,10,pdftotext_layout_plus_render_review,checked,16.203143893591292,0.0031438935912930788
2014,30,和歌山県,4475,84,1.9,17,11,2014_fdma_acceptance_friction.pdf,10,pdftotext_layout_plus_render_review,checked,1.8770949720670391,-0.022905027932960786
2014,31,鳥取県,2115,31,1.5,9,4,2014_fdma_acceptance_friction.pdf,10,pdftotext_layout_plus_render_review,checked,1.4657210401891252,-0.03427895981087481
2014,32,島根県,2877,66,2.3,8,1,2014_fdma_acceptance_friction.pdf,10,pdftotext_layout_plus_render_review,checked,2.2940563086548487,-0.005943691345151159
2014,33,岡山県,9067,368,4.1,86,29,2014_fdma_acceptance_friction.pdf,10,pdftotext_layout_plus_render_review,checked,4.058674313444358,-0.04132568655564128
2014,34,広島県,10403,761,7.3,195,78,2014_fdma_acceptance_friction.pdf,10,pdftotext_layout_plus_render_review,checked,7.315197539171393,0.015197539171393437
2014,35,山口県,4290,160,3.7,51,17,2014_fdma_acceptance_friction.pdf,10,pdftotext_layout_plus_render_review,checked,3.7296037296037294,0.029603729603729256
2014,36,徳島県,3471,86,2.5,26,14,2014_fdma_acceptance_friction.pdf,10,pdftotext_layout_plus_render_review,checked,2.477672140593489,-0.022327859406511052
2014,37,香川県,4434,112,2.5,28,10,2014_fdma_acceptance_friction.pdf,10,pdftotext_layout_plus_render_review,checked,2.525935949481281,0.025935949481281195
2014,38,愛媛県,7544,144,1.9,32,13,2014_fdma_acceptance_friction.pdf,10,pdftotext_layout_plus_render_review,checked,1.9088016967126193,0.008801696712619433
2014,39,高知県,5363,165,3.1,35,14,2014_fdma_acceptance_friction.pdf,10,pdftotext_layout_plus_render_review,checked,3.0766362110758902,-0.02336378892410984
2014,40,福岡県,12379,145,1.2,47,24,2014_fdma_acceptance_friction.pdf,10,pdftotext_layout_plus_render_review,checked,1.1713385572340254,-0.0286614427659746
2014,41,佐賀県,3670,118,3.2,28,13,2014_fdma_acceptance_friction.pdf,10,pdftotext_layout_plus_render_review,checked,3.215258855585831,0.015258855585830844
2014,42,長崎県,5849,210,3.6,39,16,2014_fdma_acceptance_friction.pdf,10,pdftotext_layout_plus_render_review,checked,3.590357326038639,-0.00964267396136087
2014,43,熊本県,6494,128,2.0,30,10,2014_fdma_acceptance_friction.pdf,10,pdftotext_layout_plus_render_review,checked,1.971050200184786,-0.02894979981521395
2014,44,大分県,5907,118,2.0,24,7,2014_fdma_acceptance_friction.pdf,10,pdftotext_layout_plus_render_review,checked,1.9976299305908245,-0.0023700694091755015
2014,45,宮崎県,5583,136,2.4,32,9,2014_fdma_acceptance_friction.pdf,10,pdftotext_layout_plus_render_review,checked,2.4359663263478417,0.035966326347841804
2014,46,鹿児島県,6171,217,3.5,55,15,2014_fdma_acceptance_friction.pdf,10,pdftotext_layout_plus_render_review,checked,3.5164479014746393,0.01644790147463926
2014,47,沖縄県,6458,85,1.3,22,8,2014_fdma_acceptance_friction.pdf,10,pdftotext_layout_plus_render_review,checked,1.3161969650046454,0.016196965004645403
2015,1,北海道,20757,787,3.8,192,75,2015_fdma_acceptance_friction.pdf,10,pdftotext_layout_plus_render_review,checked,3.7914920267861443,-0.008507973213855546
2015,2,青森県,7161,161,2.2,22,11,2015_fdma_acceptance_friction.pdf,10,pdftotext_layout_plus_render_review,checked,2.2482893450635384,0.048289345063538214
2015,3,岩手県,6415,321,5.0,58,23,2015_fdma_acceptance_friction.pdf,10,pdftotext_layout_plus_render_review,checked,5.003897116134061,0.0038971161340608518
2015,4,宮城県,9232,1010,10.9,274,101,2015_fdma_acceptance_friction.pdf,10,pdftotext_layout_plus_render_review,checked,10.940207972270365,0.04020797227036432
2015,5,秋田県,6807,55,0.8,15,6,2015_fdma_acceptance_friction.pdf,10,pdftotext_layout_plus_render_review,checked,0.8079917731746731,0.007991773174673034
2015,6,山形県,6191,216,3.5,31,9,2015_fdma_acceptance_friction.pdf,10,pdftotext_layout_plus_render_review,checked,3.4889355516071716,-0.011064448392828385
2015,7,福島県,8553,420,4.9,105,45,2015_fdma_acceptance_friction.pdf,10,pdftotext_layout_plus_render_review,checked,4.910557699052964,0.010557699052963443
2015,8,茨城県,9781,574,5.9,136,58,2015_fdma_acceptance_friction.pdf,10,pdftotext_layout_plus_render_review,checked,5.868520601165525,-0.0314793988344757
2015,9,栃木県,7364,338,4.6,95,39,2015_fdma_acceptance_friction.pdf,10,pdftotext_layout_plus_render_review,checked,4.589896795219989,-0.0101032047800107
2015,10,群馬県,8294,278,3.4,75,26,2015_fdma_acceptance_friction.pdf,10,pdftotext_layout_plus_render_review,checked,3.3518205931999034,-0.04817940680009647
2015,11,埼玉県,23517,3532,15.0,988,397,2015_fdma_acceptance_friction.pdf,10,pdftotext_layout_plus_render_review,checked,15.01892248160905,0.018922481609049413
2015,12,千葉県,18566,1906,10.3,483,186,2015_fdma_acceptance_friction.pdf,10,pdftotext_layout_plus_render_review,checked,10.266077776580847,-0.03392222341915385
2015,13,東京都,40895,2255,5.5,616,202,2015_fdma_acceptance_friction.pdf,10,pdftotext_layout_plus_render_review,checked,5.51412153074948,0.014121530749480193
2015,14,神奈川県,30899,2353,7.6,528,170,2015_fdma_acceptance_friction.pdf,10,pdftotext_layout_plus_render_review,checked,7.615133175830933,0.015133175830933432
2015,15,新潟県,9368,744,7.9,157,57,2015_fdma_acceptance_friction.pdf,10,pdftotext_layout_plus_render_review,checked,7.941929974380871,0.04192997438087076
2015,16,富山県,3647,28,0.8,10,4,2015_fdma_acceptance_friction.pdf,10,pdftotext_layout_plus_render_review,checked,0.7677543186180422,-0.032245681381957825
2015,17,石川県,5040,83,1.6,19,9,2015_fdma_acceptance_friction.pdf,10,pdftotext_layout_plus_render_review,checked,1.6468253968253967,0.04682539682539666
2015,18,福井県,3423,29,0.8,8,4,2015_fdma_acceptance_friction.pdf,10,pdftotext_layout_plus_render_review,checked,0.8472100496640373,0.0472100496640373
2015,19,山梨県,3484,133,3.8,36,19,2015_fdma_acceptance_friction.pdf,10,pdftotext_layout_plus_render_review,checked,3.817451205510907,0.017451205510907286
2015,20,長野県,8577,241,2.8,49,11,2015_fdma_acceptance_friction.pdf,10,pdftotext_layout_plus_render_review,checked,2.809840270490848,0.009840270490848013
2015,21,岐阜県,9032,166,1.8,64,34,2015_fdma_acceptance_friction.pdf,10,pdftotext_layout_plus_render_review,checked,1.837909654561559,0.037909654561558925
2015,22,静岡県,9320,286,3.1,57,19,2015_fdma_acceptance_friction.pdf,10,pdftotext_layout_plus_render_review,checked,3.0686695278969958,-0.031330472103004325
2015,23,愛知県,18661,236,1.3,68,28,2015_fdma_acceptance_friction.pdf,10,pdftotext_layout_plus_render_review,checked,1.2646696318525266,-0.03533036814747348
2015,24,三重県,8322,526,6.3,124,41,2015_fdma_acceptance_friction.pdf,10,pdftotext_layout_plus_render_review,checked,6.3205960105743815,0.02059601057438165
2015,25,滋賀県,3196,54,1.7,24,13,2015_fdma_acceptance_friction.pdf,10,pdftotext_layout_plus_render_review,checked,1.6896120150187734,-0.010387984981226506
2015,26,京都府,7246,179,2.5,35,12,2015_fdma_acceptance_friction.pdf,10,pdftotext_layout_plus_render_review,checked,2.470328457079768,-0.029671542920231886
2015,27,大阪府,12047,616,5.1,129,39,2015_fdma_acceptance_friction.pdf,10,pdftotext_layout_plus_render_review,checked,5.113306217315515,0.013306217315514957
2015,28,兵庫県,16270,983,6.0,199,73,2015_fdma_acceptance_friction.pdf,10,pdftotext_layout_plus_render_review,checked,6.04179471419791,0.04179471419791003
2015,29,奈良県,3635,486,13.4,128,54,2015_fdma_acceptance_friction.pdf,10,pdftotext_layout_plus_render_review,checked,13.370013755158185,-0.029986244841815335
2015,30,和歌山県,4194,104,2.5,28,10,2015_fdma_acceptance_friction.pdf,10,pdftotext_layout_plus_render_review,checked,2.479732951835956,-0.0202670481640439
2015,31,鳥取県,2143,33,1.5,13,6,2015_fdma_acceptance_friction.pdf,10,pdftotext_layout_plus_render_review,checked,1.5398973401773215,0.039897340177321494
2015,32,島根県,3065,62,2.0,11,7,2015_fdma_acceptance_friction.pdf,10,pdftotext_layout_plus_render_review,checked,2.0228384991843393,0.022838499184339334
2015,33,岡山県,9745,406,4.2,83,24,2015_fdma_acceptance_friction.pdf,10,pdftotext_layout_plus_render_review,checked,4.166239096972807,-0.03376090302719348
2015,34,広島県,10119,776,7.7,202,66,2015_fdma_acceptance_friction.pdf,10,pdftotext_layout_plus_render_review,checked,7.66874197055045,-0.031258029449550584
2015,35,山口県,4328,151,3.5,41,19,2015_fdma_acceptance_friction.pdf,10,pdftotext_layout_plus_render_review,checked,3.488909426987061,-0.011090573012939142
2015,36,徳島県,3572,118,3.3,29,11,2015_fdma_acceptance_friction.pdf,10,pdftotext_layout_plus_render_review,checked,3.303471444568869,0.003471444568869053
2015,37,香川県,4352,118,2.7,26,12,2015_fdma_acceptance_friction.pdf,10,pdftotext_layout_plus_render_review,checked,2.7113970588235294,0.01139705882352926
2015,38,愛媛県,6786,155,2.3,38,16,2015_fdma_acceptance_friction.pdf,10,pdftotext_layout_plus_render_review,checked,2.2841143530798704,-0.015885646920129393
2015,39,高知県,5354,158,3.0,28,14,2015_fdma_acceptance_friction.pdf,10,pdftotext_layout_plus_render_review,checked,2.9510646245797534,-0.04893537542024662
2015,40,福岡県,11986,133,1.1,44,26,2015_fdma_acceptance_friction.pdf,10,pdftotext_layout_plus_render_review,checked,1.1096278992157518,0.00962789921575169
2015,41,佐賀県,3523,98,2.8,15,2,2015_fdma_acceptance_friction.pdf,10,pdftotext_layout_plus_render_review,checked,2.781720124893557,-0.018279875106443022
2015,42,長崎県,5730,247,4.3,55,18,2015_fdma_acceptance_friction.pdf,10,pdftotext_layout_plus_render_review,checked,4.31064572425829,0.010645724258290024
2015,43,熊本県,6725,154,2.3,26,14,2015_fdma_acceptance_friction.pdf,10,pdftotext_layout_plus_render_review,checked,2.2899628252788102,-0.01003717472118959
2015,44,大分県,5647,125,2.2,37,15,2015_fdma_acceptance_friction.pdf,10,pdftotext_layout_plus_render_review,checked,2.213564724632548,0.013564724632547875
2015,45,宮崎県,5832,208,3.6,52,20,2015_fdma_acceptance_friction.pdf,10,pdftotext_layout_plus_render_review,checked,3.5665294924554183,-0.03347050754458181
2015,46,鹿児島県,5929,176,3.0,50,17,2015_fdma_acceptance_friction.pdf,10,pdftotext_layout_plus_render_review,checked,2.968460111317254,-0.03153988868274604
2015,47,沖縄県,6912,161,2.3,23,4,2015_fdma_acceptance_friction.pdf,10,pdftotext_layout_plus_render_review,checked,2.3292824074074074,0.029282407407407618
2016,1,北海道,21481,839,3.9,193,71,2016_fdma_acceptance_friction.pdf,9,pdftotext_layout_plus_render_review,checked,3.905777198454448,0.005777198454448129
2016,2,青森県,7098,202,2.8,35,11,2016_fdma_acceptance_friction.pdf,9,pdftotext_layout_plus_render_review,checked,2.8458720766413075,0.04587207664130766
2016,3,岩手県,6963,270,3.9,51,16,2016_fdma_acceptance_friction.pdf,9,pdftotext_layout_plus_render_review,checked,3.877638948728996,-0.022361051271003962
2016,4,宮城県,9388,796,8.5,176,54,2016_fdma_acceptance_friction.pdf,9,pdftotext_layout_plus_render_review,checked,8.478909245845761,-0.021090754154238667
2016,5,秋田県,7050,62,0.9,18,7,2016_fdma_acceptance_friction.pdf,9,pdftotext_layout_plus_render_review,checked,0.8794326241134752,-0.020567375886524797
2016,6,山形県,6044,233,3.9,40,13,2016_fdma_acceptance_friction.pdf,9,pdftotext_layout_plus_render_review,checked,3.85506287227002,-0.04493712772997993
2016,7,福島県,8565,514,6.0,126,34,2016_fdma_acceptance_friction.pdf,9,pdftotext_layout_plus_render_review,checked,6.001167542323409,0.0011675423234089877
2016,8,茨城県,9794,580,5.9,125,59,2016_fdma_acceptance_friction.pdf,9,pdftotext_layout_plus_render_review,checked,5.921993056973657,0.021993056973657055
2016,9,栃木県,7434,370,5.0,90,33,2016_fdma_acceptance_friction.pdf,9,pdftotext_layout_plus_render_review,checked,4.977132095776164,-0.022867904223836
2016,10,群馬県,8998,279,3.1,56,25,2016_fdma_acceptance_friction.pdf,9,pdftotext_layout_plus_render_review,checked,3.1006890420093356,0.0006890420093355054
2016,11,埼玉県,24314,3232,13.3,881,308,2016_fdma_acceptance_friction.pdf,9,pdftotext_layout_plus_render_review,checked,13.292753146335444,-0.007246853664556241
2016,12,千葉県,18413,1992,10.8,501,179,2016_fdma_acceptance_friction.pdf,9,pdftotext_layout_plus_render_review,checked,10.818443491011784,0.018443491011783664
2016,13,東京都,40436,1716,4.2,444,138,2016_fdma_acceptance_friction.pdf,9,pdftotext_layout_plus_render_review,checked,4.243743199129488,0.0437431991294881
2016,14,神奈川県,32340,2640,8.2,550,188,2016_fdma_acceptance_friction.pdf,9,pdftotext_layout_plus_render_review,checked,8.16326530612245,-0.03673469387755013
2016,15,新潟県,10773,999,9.3,241,82,2016_fdma_acceptance_friction.pdf,9,pdftotext_layout_plus_render_review,checked,9.273182957393484,-0.02681704260651685
2016,16,富山県,3750,35,0.9,14,6,2016_fdma_acceptance_friction.pdf,9,pdftotext_layout_plus_render_review,checked,0.9333333333333333,0.033333333333333326
2016,17,石川県,5268,87,1.7,20,8,2016_fdma_acceptance_friction.pdf,9,pdftotext_layout_plus_render_review,checked,1.6514806378132119,-0.048519362186788095
2016,18,福井県,3344,42,1.3,9,6,2016_fdma_acceptance_friction.pdf,9,pdftotext_layout_plus_render_review,checked,1.255980861244019,-0.04401913875598096
2016,19,山梨県,3582,177,4.9,36,16,2016_fdma_acceptance_friction.pdf,9,pdftotext_layout_plus_render_review,checked,4.941373534338358,0.041373534338357665
2016,20,長野県,8776,259,3.0,42,21,2016_fdma_acceptance_friction.pdf,9,pdftotext_layout_plus_render_review,checked,2.9512306289881494,-0.04876937101185064
2016,21,岐阜県,9012,155,1.7,34,15,2016_fdma_acceptance_friction.pdf,9,pdftotext_layout_plus_render_review,checked,1.7199289835774523,0.01992898357745232
2016,22,静岡県,9257,381,4.1,83,29,2016_fdma_acceptance_friction.pdf,9,pdftotext_layout_plus_render_review,checked,4.115804256238523,0.015804256238522996
2016,23,愛知県,18715,206,1.1,63,28,2016_fdma_acceptance_friction.pdf,9,pdftotext_layout_plus_render_review,checked,1.100721346513492,0.0007213465134918717
2016,24,三重県,8419,323,3.8,87,31,2016_fdma_acceptance_friction.pdf,9,pdftotext_layout_plus_render_review,checked,3.836560161539375,0.03656016153937536
2016,25,滋賀県,3032,56,1.8,17,7,2016_fdma_acceptance_friction.pdf,9,pdftotext_layout_plus_render_review,checked,1.8469656992084433,0.04696569920844329
2016,26,京都府,7290,216,3.0,35,15,2016_fdma_acceptance_friction.pdf,9,pdftotext_layout_plus_render_review,checked,2.962962962962963,-0.0370370370370372
2016,27,大阪府,13762,712,5.2,136,50,2016_fdma_acceptance_friction.pdf,9,pdftotext_layout_plus_render_review,checked,5.173666618224095,-0.026333381775905274
2016,28,兵庫県,15727,826,5.3,164,54,2016_fdma_acceptance_friction.pdf,9,pdftotext_layout_plus_render_review,checked,5.252114198512113,-0.04788580148788668
2016,29,奈良県,3550,441,12.4,107,38,2016_fdma_acceptance_friction.pdf,9,pdftotext_layout_plus_render_review,checked,12.422535211267606,0.022535211267605604
2016,30,和歌山県,4573,119,2.6,27,10,2016_fdma_acceptance_friction.pdf,9,pdftotext_layout_plus_render_review,checked,2.6022304832713754,0.0022304832713753164
2016,31,鳥取県,2207,25,1.1,3,1,2016_fdma_acceptance_friction.pdf,9,pdftotext_layout_plus_render_review,checked,1.1327594019030358,0.03275940190303572
2016,32,島根県,3061,79,2.6,12,3,2016_fdma_acceptance_friction.pdf,9,pdftotext_layout_plus_render_review,checked,2.5808559294348252,-0.019144070565174864
2016,33,岡山県,9804,373,3.8,83,34,2016_fdma_acceptance_friction.pdf,9,pdftotext_layout_plus_render_review,checked,3.8045695634434926,0.004569563443492797
2016,34,広島県,9957,735,7.4,176,61,2016_fdma_acceptance_friction.pdf,9,pdftotext_layout_plus_render_review,checked,7.38174148840012,-0.018258511599880123
2016,35,山口県,4188,157,3.7,45,12,2016_fdma_acceptance_friction.pdf,9,pdftotext_layout_plus_render_review,checked,3.748806112702961,0.04880611270296065
2016,36,徳島県,3756,139,3.7,28,13,2016_fdma_acceptance_friction.pdf,9,pdftotext_layout_plus_render_review,checked,3.7007454739084134,0.0007454739084131745
2016,37,香川県,4071,130,3.2,47,25,2016_fdma_acceptance_friction.pdf,9,pdftotext_layout_plus_render_review,checked,3.1933185949398184,-0.006681405060181778
2016,38,愛媛県,6383,124,1.9,28,15,2016_fdma_acceptance_friction.pdf,9,pdftotext_layout_plus_render_review,checked,1.9426601911326962,0.04266019113269626
2016,39,高知県,5533,192,3.5,37,11,2016_fdma_acceptance_friction.pdf,9,pdftotext_layout_plus_render_review,checked,3.47008855955178,-0.029911440448219917
2016,40,福岡県,11748,154,1.3,49,27,2016_fdma_acceptance_friction.pdf,9,pdftotext_layout_plus_render_review,checked,1.3108614232209739,0.010861423220973832
2016,41,佐賀県,3452,122,3.5,29,13,2016_fdma_acceptance_friction.pdf,9,pdftotext_layout_plus_render_review,checked,3.5341830822711473,0.0341830822711473
2016,42,長崎県,5680,265,4.7,65,27,2016_fdma_acceptance_friction.pdf,9,pdftotext_layout_plus_render_review,checked,4.665492957746479,-0.03450704225352119
2016,43,熊本県,7415,181,2.4,47,32,2016_fdma_acceptance_friction.pdf,9,pdftotext_layout_plus_render_review,checked,2.4409979770734997,0.040997977073499836
2016,44,大分県,6156,141,2.3,34,9,2016_fdma_acceptance_friction.pdf,9,pdftotext_layout_plus_render_review,checked,2.290448343079922,-0.009551656920077978
2016,45,宮崎県,6142,264,4.3,53,21,2016_fdma_acceptance_friction.pdf,9,pdftotext_layout_plus_render_review,checked,4.29827417779225,-0.0017258222077494167
2016,46,鹿児島県,5997,186,3.1,48,18,2016_fdma_acceptance_friction.pdf,9,pdftotext_layout_plus_render_review,checked,3.1015507753876936,0.0015507753876935482
2016,47,沖縄県,7408,78,1.1,16,4,2016_fdma_acceptance_friction.pdf,9,pdftotext_layout_plus_render_review,checked,1.0529157667386608,-0.04708423326133926
2017,1,北海道,21703,880,4.1,196,71,2017_fdma_acceptance_friction.pdf,9,pdftotext_layout_plus_render_review,checked,4.054738976178409,-0.04526102382159092
2017,2,青森県,7036,179,2.5,28,9,2017_fdma_acceptance_friction.pdf,9,pdftotext_layout_plus_render_review,checked,2.5440591245025583,0.04405912450255833
2017,3,岩手県,6589,297,4.5,53,23,2017_fdma_acceptance_friction.pdf,9,pdftotext_layout_plus_render_review,checked,4.507512520868113,0.0075125208681132705
2017,4,宮城県,9611,771,8.0,144,46,2017_fdma_acceptance_friction.pdf,9,pdftotext_layout_plus_render_review,checked,8.022058058474665,0.022058058474664577
2017,5,秋田県,7477,57,0.8,20,7,2017_fdma_acceptance_friction.pdf,9,pdftotext_layout_plus_render_review,checked,0.7623378360304935,-0.0376621639695065
2017,6,山形県,6232,233,3.7,27,11,2017_fdma_acceptance_friction.pdf,9,pdftotext_layout_plus_render_review,checked,3.738767650834403,0.03876765083440281
2017,7,福島県,8929,685,7.7,165,53,2017_fdma_acceptance_friction.pdf,9,pdftotext_layout_plus_render_review,checked,7.67163176167544,-0.02836823832456048
2017,8,茨城県,10562,644,6.1,141,59,2017_fdma_acceptance_friction.pdf,9,pdftotext_layout_plus_render_review,checked,6.09733005112668,-0.0026699488733195054
2017,9,栃木県,7341,371,5.1,83,34,2017_fdma_acceptance_friction.pdf,9,pdftotext_layout_plus_render_review,checked,5.053807383190301,-0.04619261680969888
2017,10,群馬県,9723,345,3.5,90,51,2017_fdma_acceptance_friction.pdf,9,pdftotext_layout_plus_render_review,checked,3.5482875655661834,0.04828756556618341
2017,11,埼玉県,24876,3326,13.4,903,331,2017_fdma_acceptance_friction.pdf,9,pdftotext_layout_plus_render_review,checked,13.370316771185077,-0.029683228814922913
2017,12,千葉県,18995,2009,10.6,500,162,2017_fdma_acceptance_friction.pdf,9,pdftotext_layout_plus_render_review,checked,10.576467491445117,-0.02353250855488298
2017,13,東京都,41073,1781,4.3,509,158,2017_fdma_acceptance_friction.pdf,9,pdftotext_layout_plus_render_review,checked,4.336181919996105,0.036181919996105094
2017,14,神奈川県,32765,2571,7.8,495,131,2017_fdma_acceptance_friction.pdf,9,pdftotext_layout_plus_render_review,checked,7.846787730810316,0.0467877308103164
2017,15,新潟県,11676,956,8.2,225,72,2017_fdma_acceptance_friction.pdf,9,pdftotext_layout_plus_render_review,checked,8.187735525865023,-0.012264474134976666
2017,16,富山県,3877,38,1.0,14,6,2017_fdma_acceptance_friction.pdf,9,pdftotext_layout_plus_render_review,checked,0.9801392829507352,-0.019860717049264842
2017,17,石川県,6064,92,1.5,16,7,2017_fdma_acceptance_friction.pdf,9,pdftotext_layout_plus_render_review,checked,1.517150395778364,0.01715039577836408
2017,18,福井県,3569,41,1.1,11,4,2017_fdma_acceptance_friction.pdf,9,pdftotext_layout_plus_render_review,checked,1.1487811711964135,0.04878117119641345
2017,19,山梨県,3611,150,4.2,30,5,2017_fdma_acceptance_friction.pdf,9,pdftotext_layout_plus_render_review,checked,4.153973968429798,-0.04602603157020191
2017,20,長野県,8534,219,2.6,43,22,2017_fdma_acceptance_friction.pdf,9,pdftotext_layout_plus_render_review,checked,2.5662057651745958,-0.033794234825404335
2017,21,岐阜県,9357,131,1.4,45,14,2017_fdma_acceptance_friction.pdf,9,pdftotext_layout_plus_render_review,checked,1.400021374372128,2.137437212801352e-05
2017,22,静岡県,9755,468,4.8,100,41,2017_fdma_acceptance_friction.pdf,9,pdftotext_layout_plus_render_review,checked,4.797539723218862,-0.0024602767811376935
2017,23,愛知県,18732,170,0.9,57,29,2017_fdma_acceptance_friction.pdf,9,pdftotext_layout_plus_render_review,checked,0.9075379030535982,0.007537903053598138
2017,24,三重県,8944,350,3.9,87,34,2017_fdma_acceptance_friction.pdf,9,pdftotext_layout_plus_render_review,checked,3.913237924865832,0.013237924865832085
2017,25,滋賀県,3025,61,2.0,16,8,2017_fdma_acceptance_friction.pdf,9,pdftotext_layout_plus_render_review,checked,2.0165289256198347,0.016528925619834656
2017,26,京都府,7726,229,3.0,47,18,2017_fdma_acceptance_friction.pdf,9,pdftotext_layout_plus_render_review,checked,2.9640176028993013,-0.035982397100698726
2017,27,大阪府,14829,742,5.0,123,43,2017_fdma_acceptance_friction.pdf,9,pdftotext_layout_plus_render_review,checked,5.003708948681638,0.003708948681637736
2017,28,兵庫県,16544,908,5.5,145,47,2017_fdma_acceptance_friction.pdf,9,pdftotext_layout_plus_render_review,checked,5.488394584139265,-0.011605415860734603
2017,29,奈良県,3716,407,11.0,94,30,2017_fdma_acceptance_friction.pdf,9,pdftotext_layout_plus_render_review,checked,10.952637244348763,-0.047362755651237265
2017,30,和歌山県,4684,123,2.6,28,10,2017_fdma_acceptance_friction.pdf,9,pdftotext_layout_plus_render_review,checked,2.6259607173356105,0.02596071733561045
2017,31,鳥取県,2254,38,1.7,12,7,2017_fdma_acceptance_friction.pdf,9,pdftotext_layout_plus_render_review,checked,1.6858917480035494,-0.014108251996450605
2017,32,島根県,3161,61,1.9,15,8,2017_fdma_acceptance_friction.pdf,9,pdftotext_layout_plus_render_review,checked,1.9297690604239164,0.02976906042391647
2017,33,岡山県,10276,339,3.3,61,22,2017_fdma_acceptance_friction.pdf,9,pdftotext_layout_plus_render_review,checked,3.298949007395874,-0.0010509926041257778
2017,34,広島県,10237,719,7.0,173,58,2017_fdma_acceptance_friction.pdf,9,pdftotext_layout_plus_render_review,checked,7.023542053335938,0.023542053335938284
2017,35,山口県,4033,185,4.6,38,20,2017_fdma_acceptance_friction.pdf,9,pdftotext_layout_plus_render_review,checked,4.587155963302752,-0.012844036697247319
2017,36,徳島県,3909,121,3.1,30,10,2017_fdma_acceptance_friction.pdf,9,pdftotext_layout_plus_render_review,checked,3.095420823740087,-0.004579176259912998
2017,37,香川県,4172,156,3.7,39,19,2017_fdma_acceptance_friction.pdf,9,pdftotext_layout_plus_render_review,checked,3.7392138063279003,0.03921380632790017
2017,38,愛媛県,6427,141,2.2,48,23,2017_fdma_acceptance_friction.pdf,9,pdftotext_layout_plus_render_review,checked,2.193869612571962,-0.006130387428038286
2017,39,高知県,5476,168,3.1,27,9,2017_fdma_acceptance_friction.pdf,9,pdftotext_layout_plus_render_review,checked,3.0679327976625275,-0.03206720233747262
2017,40,福岡県,12383,159,1.3,45,22,2017_fdma_acceptance_friction.pdf,9,pdftotext_layout_plus_render_review,checked,1.2840184123394978,-0.015981587660502283
2017,41,佐賀県,3774,131,3.5,26,11,2017_fdma_acceptance_friction.pdf,9,pdftotext_layout_plus_render_review,checked,3.47111817700053,-0.028881822999470064
2017,42,長崎県,5930,281,4.7,75,20,2017_fdma_acceptance_friction.pdf,9,pdftotext_layout_plus_render_review,checked,4.738617200674536,0.038617200674536
2017,43,熊本県,7715,188,2.4,39,11,2017_fdma_acceptance_friction.pdf,9,pdftotext_layout_plus_render_review,checked,2.436811406351264,0.0368114063512639
2017,44,大分県,6280,119,1.9,20,7,2017_fdma_acceptance_friction.pdf,9,pdftotext_layout_plus_render_review,checked,1.894904458598726,-0.005095541401273884
2017,45,宮崎県,6063,256,4.2,59,19,2017_fdma_acceptance_friction.pdf,9,pdftotext_layout_plus_render_review,checked,4.222332178789379,0.022332178789378432
2017,46,鹿児島県,6596,222,3.4,58,19,2017_fdma_acceptance_friction.pdf,9,pdftotext_layout_plus_render_review,checked,3.365676167374166,-0.03432383262583372
2017,47,沖縄県,7377,102,1.4,30,7,2017_fdma_acceptance_friction.pdf,9,pdftotext_layout_plus_render_review,checked,1.3826758845058966,-0.017324115494103287
2018,1,北海道,21698,908,4.2,219,76,2018_fdma_acceptance_friction.pdf,9,pdftotext_layout_plus_render_review,checked,4.184717485482533,-0.015282514517466872
2018,2,青森県,7197,196,2.7,40,11,2018_fdma_acceptance_friction.pdf,9,pdftotext_layout_plus_render_review,checked,2.7233569542865084,0.02335695428650819
2018,3,岩手県,6718,304,4.5,58,28,2018_fdma_acceptance_friction.pdf,9,pdftotext_layout_plus_render_review,checked,4.525156296516821,0.02515629651682083
2018,4,宮城県,9613,746,7.8,135,34,2018_fdma_acceptance_friction.pdf,9,pdftotext_layout_plus_render_review,checked,7.760324560491002,-0.03967543950899799
2018,5,秋田県,7471,74,1.0,16,6,2018_fdma_acceptance_friction.pdf,9,pdftotext_layout_plus_render_review,checked,0.9904965868023022,-0.009503413197697763
2018,6,山形県,6351,223,3.5,46,17,2018_fdma_acceptance_friction.pdf,9,pdftotext_layout_plus_render_review,checked,3.5112580695953395,0.011258069595339482
2018,7,福島県,9019,715,7.9,198,76,2018_fdma_acceptance_friction.pdf,9,pdftotext_layout_plus_render_review,checked,7.927708171637653,0.027708171637653045
2018,8,茨城県,10523,703,6.7,151,69,2018_fdma_acceptance_friction.pdf,9,pdftotext_layout_plus_render_review,checked,6.680604390382971,-0.01939560961702913
2018,9,栃木県,7016,346,4.9,67,18,2018_fdma_acceptance_friction.pdf,9,pdftotext_layout_plus_render_review,checked,4.931584948688712,0.0315849486887112
2018,10,群馬県,9992,366,3.7,93,39,2018_fdma_acceptance_friction.pdf,9,pdftotext_layout_plus_render_review,checked,3.6629303442754204,-0.037069655724579764
2018,11,埼玉県,24440,3232,13.2,907,348,2018_fdma_acceptance_friction.pdf,9,pdftotext_layout_plus_render_review,checked,13.224222585924714,0.024222585924714934
2018,12,千葉県,19084,2219,11.6,562,231,2018_fdma_acceptance_friction.pdf,9,pdftotext_layout_plus_render_review,checked,11.627541395933767,0.02754139593376692
2018,13,東京都,44306,2309,5.2,652,181,2018_fdma_acceptance_friction.pdf,9,pdftotext_layout_plus_render_review,checked,5.211483771949623,0.011483771949622579
2018,14,神奈川県,34312,2731,8.0,528,162,2018_fdma_acceptance_friction.pdf,9,pdftotext_layout_plus_render_review,checked,7.959314525530426,-0.04068547446957371
2018,15,新潟県,10900,806,7.4,203,83,2018_fdma_acceptance_friction.pdf,9,pdftotext_layout_plus_render_review,checked,7.394495412844036,-0.005504587155964025
2018,16,富山県,4168,30,0.7,7,4,2018_fdma_acceptance_friction.pdf,9,pdftotext_layout_plus_render_review,checked,0.7197696737044146,0.019769673704414625
2018,17,石川県,6141,123,2.0,31,10,2018_fdma_acceptance_friction.pdf,9,pdftotext_layout_plus_render_review,checked,2.0029311187103076,0.002931118710307601
2018,18,福井県,3617,53,1.5,19,6,2018_fdma_acceptance_friction.pdf,9,pdftotext_layout_plus_render_review,checked,1.4653027370749239,-0.03469726292507613
2018,19,山梨県,3494,192,5.5,38,17,2018_fdma_acceptance_friction.pdf,9,pdftotext_layout_plus_render_review,checked,5.495134516313681,-0.004865483686319116
2018,20,長野県,8242,235,2.9,53,26,2018_fdma_acceptance_friction.pdf,9,pdftotext_layout_plus_render_review,checked,2.851249696675564,-0.04875030332443586
2018,21,岐阜県,9344,160,1.7,63,21,2018_fdma_acceptance_friction.pdf,9,pdftotext_layout_plus_render_review,checked,1.7123287671232876,0.012328767123287676
2018,22,静岡県,10290,499,4.8,97,32,2018_fdma_acceptance_friction.pdf,9,pdftotext_layout_plus_render_review,checked,4.849368318756074,0.04936831875607428
2018,23,愛知県,18975,193,1.0,57,34,2018_fdma_acceptance_friction.pdf,9,pdftotext_layout_plus_render_review,checked,1.0171277997364954,0.017127799736495364
2018,24,三重県,9328,347,3.7,76,19,2018_fdma_acceptance_friction.pdf,9,pdftotext_layout_plus_render_review,checked,3.719982847341338,0.019982847341337706
2018,25,滋賀県,2718,52,1.9,14,5,2018_fdma_acceptance_friction.pdf,9,pdftotext_layout_plus_render_review,checked,1.9131714495952907,0.013171449595290818
2018,26,京都府,7672,246,3.2,48,17,2018_fdma_acceptance_friction.pdf,9,pdftotext_layout_plus_render_review,checked,3.2064650677789364,0.006465067778936184
2018,27,大阪府,15146,658,4.3,130,47,2018_fdma_acceptance_friction.pdf,9,pdftotext_layout_plus_render_review,checked,4.344381354813152,0.04438135481315175
2018,28,兵庫県,15921,867,5.4,150,48,2018_fdma_acceptance_friction.pdf,9,pdftotext_layout_plus_render_review,checked,5.445637836819295,0.0456378368192949
2018,29,奈良県,4553,424,9.3,85,29,2018_fdma_acceptance_friction.pdf,9,pdftotext_layout_plus_render_review,checked,9.31254118163848,0.01254118163847906
2018,30,和歌山県,4613,115,2.5,30,15,2018_fdma_acceptance_friction.pdf,9,pdftotext_layout_plus_render_review,checked,2.4929546932581834,-0.0070453067418165816
2018,31,鳥取県,2316,47,2.0,11,8,2018_fdma_acceptance_friction.pdf,9,pdftotext_layout_plus_render_review,checked,2.029360967184801,0.02936096718480119
2018,32,島根県,3132,63,2.0,10,4,2018_fdma_acceptance_friction.pdf,9,pdftotext_layout_plus_render_review,checked,2.0114942528735633,0.011494252873563315
2018,33,岡山県,10359,291,2.8,74,40,2018_fdma_acceptance_friction.pdf,9,pdftotext_layout_plus_render_review,checked,2.80915146249638,0.009151462496379992
2018,34,広島県,11073,818,7.4,231,81,2018_fdma_acceptance_friction.pdf,9,pdftotext_layout_plus_render_review,checked,7.387338571299558,-0.012661428700442734
2018,35,山口県,3852,189,4.9,39,10,2018_fdma_acceptance_friction.pdf,9,pdftotext_layout_plus_render_review,checked,4.906542056074766,0.0065420560747657674
2018,36,徳島県,3973,139,3.5,37,10,2018_fdma_acceptance_friction.pdf,9,pdftotext_layout_plus_render_review,checked,3.498615655675812,-0.0013843443241881026
2018,37,香川県,4124,135,3.3,46,22,2018_fdma_acceptance_friction.pdf,9,pdftotext_layout_plus_render_review,checked,3.2735208535402522,-0.026479146459747582
2018,38,愛媛県,6318,138,2.2,41,14,2018_fdma_acceptance_friction.pdf,9,pdftotext_layout_plus_render_review,checked,2.184235517568851,-0.01576448243114914
2018,39,高知県,5240,203,3.9,49,12,2018_fdma_acceptance_friction.pdf,9,pdftotext_layout_plus_render_review,checked,3.8740458015267176,-0.025954198473282286
2018,40,福岡県,12425,151,1.2,41,17,2018_fdma_acceptance_friction.pdf,9,pdftotext_layout_plus_render_review,checked,1.215291750503018,0.01529175050301812
2018,41,佐賀県,3608,101,2.8,24,4,2018_fdma_acceptance_friction.pdf,9,pdftotext_layout_plus_render_review,checked,2.7993348115299335,-0.000665188470066358
2018,42,長崎県,5779,295,5.1,76,38,2018_fdma_acceptance_friction.pdf,9,pdftotext_layout_plus_render_review,checked,5.104689392628482,0.004689392628482558
2018,43,熊本県,7792,207,2.7,47,19,2018_fdma_acceptance_friction.pdf,9,pdftotext_layout_plus_render_review,checked,2.656570841889117,-0.043429158110883215
2018,44,大分県,6200,161,2.6,37,12,2018_fdma_acceptance_friction.pdf,9,pdftotext_layout_plus_render_review,checked,2.596774193548387,-0.003225806451613078
2018,45,宮崎県,6197,290,4.7,59,22,2018_fdma_acceptance_friction.pdf,9,pdftotext_layout_plus_render_review,checked,4.67968371792803,-0.02031628207197045
2018,46,鹿児島県,6635,251,3.8,55,21,2018_fdma_acceptance_friction.pdf,9,pdftotext_layout_plus_render_review,checked,3.782969103240392,-0.017030896759608005
2018,47,沖縄県,7282,92,1.3,18,7,2018_fdma_acceptance_friction.pdf,9,pdftotext_layout_plus_render_review,checked,1.2633891787970337,-0.036610821202966326
2019,1,北海道,21775,1093,5.0,253,100,2019_fdma_acceptance_friction.pdf,9,pdftotext_layout_plus_render_review,checked,5.019517795637198,0.019517795637198354
2019,2,青森県,6925,215,3.1,26,9,2019_fdma_acceptance_friction.pdf,9,pdftotext_layout_plus_render_review,checked,3.104693140794224,0.004693140794223893
2019,3,岩手県,6483,260,4.0,47,24,2019_fdma_acceptance_friction.pdf,9,pdftotext_layout_plus_render_review,checked,4.010488971155329,0.010488971155329097
2019,4,宮城県,9932,778,7.8,168,46,2019_fdma_acceptance_friction.pdf,9,pdftotext_layout_plus_render_review,checked,7.833266210229561,0.03326621022956111
2019,5,秋田県,7418,68,0.9,18,8,2019_fdma_acceptance_friction.pdf,9,pdftotext_layout_plus_render_review,checked,0.9166891345376112,0.016689134537611228
2019,6,山形県,6324,241,3.8,54,16,2019_fdma_acceptance_friction.pdf,9,pdftotext_layout_plus_render_review,checked,3.810879190385832,0.010879190385832072
2019,7,福島県,8808,707,8.0,199,61,2019_fdma_acceptance_friction.pdf,9,pdftotext_layout_plus_render_review,checked,8.026793823796549,0.02679382379654882
2019,8,茨城県,10753,648,6.0,168,73,2019_fdma_acceptance_friction.pdf,9,pdftotext_layout_plus_render_review,checked,6.026225239468055,0.026225239468055328
2019,9,栃木県,7049,375,5.3,106,39,2019_fdma_acceptance_friction.pdf,9,pdftotext_layout_plus_render_review,checked,5.319903532415945,0.019903532415945335
2019,10,群馬県,9983,355,3.6,82,42,2019_fdma_acceptance_friction.pdf,9,pdftotext_layout_plus_render_review,checked,3.5560452769708504,-0.04395472302914971
2019,11,埼玉県,24345,3190,13.1,911,365,2019_fdma_acceptance_friction.pdf,9,pdftotext_layout_plus_render_review,checked,13.10330663380571,0.0033066338057103906
2019,12,千葉県,19307,2232,11.6,568,217,2019_fdma_acceptance_friction.pdf,9,pdftotext_layout_plus_render_review,checked,11.560573885119387,-0.03942611488061232
2019,13,東京都,44919,2349,5.2,660,178,2019_fdma_acceptance_friction.pdf,9,pdftotext_layout_plus_render_review,checked,5.229412943297937,0.029412943297936422
2019,14,神奈川県,33755,2819,8.4,579,164,2019_fdma_acceptance_friction.pdf,9,pdftotext_layout_plus_render_review,checked,8.351355354762257,-0.04864464523774359
2019,15,新潟県,11498,770,6.7,213,86,2019_fdma_acceptance_friction.pdf,9,pdftotext_layout_plus_render_review,checked,6.696816837710906,-0.003183162289094099
2019,16,富山県,4206,29,0.7,6,2,2019_fdma_acceptance_friction.pdf,9,pdftotext_layout_plus_render_review,checked,0.6894912030432715,-0.010508796956728461
2019,17,石川県,5758,102,1.8,23,8,2019_fdma_acceptance_friction.pdf,9,pdftotext_layout_plus_render_review,checked,1.7714484195901354,-0.028551580409864608
2019,18,福井県,3410,46,1.3,7,1,2019_fdma_acceptance_friction.pdf,9,pdftotext_layout_plus_render_review,checked,1.348973607038123,0.048973607038123035
2019,19,山梨県,3523,190,5.4,45,16,2019_fdma_acceptance_friction.pdf,9,pdftotext_layout_plus_render_review,checked,5.393130854385467,-0.006869145614533778
2019,20,長野県,8378,220,2.6,45,14,2019_fdma_acceptance_friction.pdf,9,pdftotext_layout_plus_render_review,checked,2.62592504177608,0.025925041776079905
2019,21,岐阜県,9024,138,1.5,42,15,2019_fdma_acceptance_friction.pdf,9,pdftotext_layout_plus_render_review,checked,1.5292553191489362,0.0292553191489362
2019,22,静岡県,10768,502,4.7,116,38,2019_fdma_acceptance_friction.pdf,9,pdftotext_layout_plus_render_review,checked,4.661961367013373,-0.03803863298662691
2019,23,愛知県,18657,191,1.0,68,35,2019_fdma_acceptance_friction.pdf,9,pdftotext_layout_plus_render_review,checked,1.0237444390845258,0.023744439084525837
2019,24,三重県,9250,301,3.3,79,23,2019_fdma_acceptance_friction.pdf,9,pdftotext_layout_plus_render_review,checked,3.254054054054054,-0.0459459459459457
2019,25,滋賀県,2676,50,1.9,22,15,2019_fdma_acceptance_friction.pdf,9,pdftotext_layout_plus_render_review,checked,1.8684603886397608,-0.031539611360239084
2019,26,京都府,7876,260,3.3,61,22,2019_fdma_acceptance_friction.pdf,9,pdftotext_layout_plus_render_review,checked,3.3011681056373794,0.0011681056373795684
2019,27,大阪府,15577,702,4.5,135,52,2019_fdma_acceptance_friction.pdf,9,pdftotext_layout_plus_render_review,checked,4.506644411632535,0.006644411632534819
2019,28,兵庫県,15616,789,5.1,137,43,2019_fdma_acceptance_friction.pdf,9,pdftotext_layout_plus_render_review,checked,5.052510245901639,-0.047489754098360315
2019,29,奈良県,4352,323,7.4,54,15,2019_fdma_acceptance_friction.pdf,9,pdftotext_layout_plus_render_review,checked,7.421875,0.021874999999999645
2019,30,和歌山県,4278,110,2.6,24,15,2019_fdma_acceptance_friction.pdf,9,pdftotext_layout_plus_render_review,checked,2.5712949976624593,-0.028705002337540808
2019,31,鳥取県,2358,32,1.4,6,3,2019_fdma_acceptance_friction.pdf,9,pdftotext_layout_plus_render_review,checked,1.3570822731128074,-0.04291772688719253
2019,32,島根県,3186,70,2.2,7,3,2019_fdma_acceptance_friction.pdf,9,pdftotext_layout_plus_render_review,checked,2.197112366603892,-0.0028876333961083134
2019,33,岡山県,10189,345,3.4,75,31,2019_fdma_acceptance_friction.pdf,9,pdftotext_layout_plus_render_review,checked,3.386004514672686,-0.013995485327313872
2019,34,広島県,10861,820,7.5,212,66,2019_fdma_acceptance_friction.pdf,9,pdftotext_layout_plus_render_review,checked,7.549949360095756,0.04994936009575568
2019,35,山口県,3978,209,5.3,44,13,2019_fdma_acceptance_friction.pdf,9,pdftotext_layout_plus_render_review,checked,5.253896430367019,-0.046103569632981234
2019,36,徳島県,3937,128,3.3,22,7,2019_fdma_acceptance_friction.pdf,9,pdftotext_layout_plus_render_review,checked,3.251206502413005,-0.04879349758699503
2019,37,香川県,4193,154,3.7,44,18,2019_fdma_acceptance_friction.pdf,9,pdftotext_layout_plus_render_review,checked,3.672787979966611,-0.027212020033389184
2019,38,愛媛県,6335,149,2.4,33,14,2019_fdma_acceptance_friction.pdf,9,pdftotext_layout_plus_render_review,checked,2.3520126282557223,-0.047987371744277585
2019,39,高知県,5141,267,5.2,50,22,2019_fdma_acceptance_friction.pdf,9,pdftotext_layout_plus_render_review,checked,5.193542112429489,-0.006457887570511467
2019,40,福岡県,11620,157,1.4,39,18,2019_fdma_acceptance_friction.pdf,9,pdftotext_layout_plus_render_review,checked,1.351118760757315,-0.04888123924268495
2019,41,佐賀県,3692,103,2.8,22,10,2019_fdma_acceptance_friction.pdf,9,pdftotext_layout_plus_render_review,checked,2.7898158179848322,-0.010184182015167575
2019,42,長崎県,5354,268,5.0,60,19,2019_fdma_acceptance_friction.pdf,9,pdftotext_layout_plus_render_review,checked,5.00560328726186,0.0056032872618603236
2019,43,熊本県,7809,204,2.6,43,14,2019_fdma_acceptance_friction.pdf,9,pdftotext_layout_plus_render_review,checked,2.612370341913177,0.012370341913177096
2019,44,大分県,5770,145,2.5,24,6,2019_fdma_acceptance_friction.pdf,9,pdftotext_layout_plus_render_review,checked,2.512998266897747,0.01299826689774708
2019,45,宮崎県,5999,331,5.5,76,21,2019_fdma_acceptance_friction.pdf,9,pdftotext_layout_plus_render_review,checked,5.517586264377396,0.017586264377396077
2019,46,鹿児島県,6382,266,4.2,58,19,2019_fdma_acceptance_friction.pdf,9,pdftotext_layout_plus_render_review,checked,4.167972422438107,-0.032027577561892784
2019,47,沖縄県,7546,89,1.2,14,7,2019_fdma_acceptance_friction.pdf,9,pdftotext_layout_plus_render_review,checked,1.1794328120858733,-0.020567187914126706
2020,1,北海道,20703,1211,5.8,274,107,2020_fdma_acceptance_friction.pdf,9,pdftotext_layout_plus_render_review,checked,5.849393807660726,0.0493938076607261
2020,2,青森県,6840,247,3.6,39,15,2020_fdma_acceptance_friction.pdf,9,pdftotext_layout_plus_render_review,checked,3.611111111111111,0.011111111111111072
2020,3,岩手県,6341,314,5.0,64,18,2020_fdma_acceptance_friction.pdf,9,pdftotext_layout_plus_render_review,checked,4.951900331178048,-0.04809966882195216
2020,4,宮城県,9194,830,9.0,178,47,2020_fdma_acceptance_friction.pdf,9,pdftotext_layout_plus_render_review,checked,9.027626713073744,0.02762671307374376
2020,5,秋田県,7423,69,0.9,15,4,2020_fdma_acceptance_friction.pdf,9,pdftotext_layout_plus_render_review,checked,0.9295433113296511,0.029543311329651045
2020,6,山形県,5831,285,4.9,71,25,2020_fdma_acceptance_friction.pdf,9,pdftotext_layout_plus_render_review,checked,4.887669353455668,-0.012330646544332247
2020,7,福島県,8244,788,9.6,209,64,2020_fdma_acceptance_friction.pdf,9,pdftotext_layout_plus_render_review,checked,9.558466763706939,-0.04153323629306094
2020,8,茨城県,9993,706,7.1,195,71,2020_fdma_acceptance_friction.pdf,9,pdftotext_layout_plus_render_review,checked,7.064945461823276,-0.03505453817672333
2020,9,栃木県,6874,422,6.1,93,30,2020_fdma_acceptance_friction.pdf,9,pdftotext_layout_plus_render_review,checked,6.139074774512657,0.03907477451265695
2020,10,群馬県,8915,405,4.5,95,30,2020_fdma_acceptance_friction.pdf,9,pdftotext_layout_plus_render_review,checked,4.542905215928211,0.042905215928210616
2020,11,埼玉県,23872,3347,14.0,1052,426,2020_fdma_acceptance_friction.pdf,9,pdftotext_layout_plus_render_review,checked,14.020609919571045,0.02060991957104541
2020,12,千葉県,18018,2246,12.5,617,249,2020_fdma_acceptance_friction.pdf,9,pdftotext_layout_plus_render_review,checked,12.465312465312465,-0.03468753468753505
2020,13,東京都,42225,3388,8.0,1190,467,2020_fdma_acceptance_friction.pdf,9,pdftotext_layout_plus_render_review,checked,8.023682652457076,0.023682652457075903
2020,14,神奈川県,32609,3501,10.7,779,255,2020_fdma_acceptance_friction.pdf,9,pdftotext_layout_plus_render_review,checked,10.73629979453525,0.03629979453525145
2020,15,新潟県,11112,721,6.5,190,69,2020_fdma_acceptance_friction.pdf,9,pdftotext_layout_plus_render_review,checked,6.4884809215262775,-0.011519078473722466
2020,16,富山県,4148,30,0.7,8,3,2020_fdma_acceptance_friction.pdf,9,pdftotext_layout_plus_render_review,checked,0.7232401157184185,0.023240115718418553
2020,17,石川県,5670,138,2.4,23,11,2020_fdma_acceptance_friction.pdf,9,pdftotext_layout_plus_render_review,checked,2.433862433862434,0.03386243386243404
2020,18,福井県,3330,56,1.7,19,9,2020_fdma_acceptance_friction.pdf,9,pdftotext_layout_plus_render_review,checked,1.6816816816816818,-0.018318318318318205
2020,19,山梨県,3311,236,7.1,48,14,2020_fdma_acceptance_friction.pdf,9,pdftotext_layout_plus_render_review,checked,7.127755964965267,0.027755964965267665
2020,20,長野県,7546,212,2.8,46,17,2020_fdma_acceptance_friction.pdf,9,pdftotext_layout_plus_render_review,checked,2.809435462496687,0.00943546249668703
2020,21,岐阜県,8519,140,1.6,48,18,2020_fdma_acceptance_friction.pdf,9,pdftotext_layout_plus_render_review,checked,1.6433853738701725,0.04338537387017238
2020,22,静岡県,10429,577,5.5,115,33,2020_fdma_acceptance_friction.pdf,9,pdftotext_layout_plus_render_review,checked,5.5326493431776775,0.03264934317767754
2020,23,愛知県,18736,202,1.1,49,28,2020_fdma_acceptance_friction.pdf,9,pdftotext_layout_plus_render_review,checked,1.0781383432963279,-0.02186165670367224
2020,24,三重県,8687,277,3.2,61,23,2020_fdma_acceptance_friction.pdf,9,pdftotext_layout_plus_render_review,checked,3.188672729365719,-0.011327270634281295
2020,25,滋賀県,2792,42,1.5,11,6,2020_fdma_acceptance_friction.pdf,9,pdftotext_layout_plus_render_review,checked,1.504297994269341,0.004297994269341077
2020,26,京都府,7748,267,3.4,51,21,2020_fdma_acceptance_friction.pdf,9,pdftotext_layout_plus_render_review,checked,3.4460505937016004,0.04605059370160047
2020,27,大阪府,15595,821,5.3,158,60,2020_fdma_acceptance_friction.pdf,9,pdftotext_layout_plus_render_review,checked,5.264507855081757,-0.03549214491824326
2020,28,兵庫県,15424,952,6.2,219,75,2020_fdma_acceptance_friction.pdf,9,pdftotext_layout_plus_render_review,checked,6.172199170124482,-0.027800829875518573
2020,29,奈良県,3900,266,6.8,55,19,2020_fdma_acceptance_friction.pdf,9,pdftotext_layout_plus_render_review,checked,6.82051282051282,0.02051282051282044
2020,30,和歌山県,4443,127,2.9,29,14,2020_fdma_acceptance_friction.pdf,9,pdftotext_layout_plus_render_review,checked,2.858428989421562,-0.04157101057843793
2020,31,鳥取県,2272,36,1.6,16,8,2020_fdma_acceptance_friction.pdf,9,pdftotext_layout_plus_render_review,checked,1.5845070422535212,-0.015492957746478853
2020,32,島根県,2986,66,2.2,16,7,2020_fdma_acceptance_friction.pdf,9,pdftotext_layout_plus_render_review,checked,2.2103148024112524,0.010314802411252266
2020,33,岡山県,9847,386,3.9,77,23,2020_fdma_acceptance_friction.pdf,9,pdftotext_layout_plus_render_review,checked,3.9199756270945465,0.01997562709454659
2020,34,広島県,10510,822,7.8,215,89,2020_fdma_acceptance_friction.pdf,9,pdftotext_layout_plus_render_review,checked,7.821122740247383,0.021122740247383476
2020,35,山口県,3861,218,5.6,43,17,2020_fdma_acceptance_friction.pdf,9,pdftotext_layout_plus_render_review,checked,5.6462056462056465,0.04620564620564682
2020,36,徳島県,3592,124,3.5,21,9,2020_fdma_acceptance_friction.pdf,9,pdftotext_layout_plus_render_review,checked,3.4521158129175946,-0.04788418708240538
2020,37,香川県,3984,154,3.9,40,14,2020_fdma_acceptance_friction.pdf,9,pdftotext_layout_plus_render_review,checked,3.8654618473895583,-0.034538152610441575
2020,38,愛媛県,6454,171,2.6,39,18,2020_fdma_acceptance_friction.pdf,9,pdftotext_layout_plus_render_review,checked,2.649519677719244,0.049519677719243926
2020,39,高知県,4835,253,5.2,39,18,2020_fdma_acceptance_friction.pdf,9,pdftotext_layout_plus_render_review,checked,5.232678386763185,0.0326783867631848
2020,40,福岡県,11568,197,1.7,57,26,2020_fdma_acceptance_friction.pdf,9,pdftotext_layout_plus_render_review,checked,1.7029737206085753,0.00297372060857537
2020,41,佐賀県,3592,110,3.1,24,11,2020_fdma_acceptance_friction.pdf,9,pdftotext_layout_plus_render_review,checked,3.062360801781737,-0.037639198218263115
2020,42,長崎県,5514,302,5.5,65,18,2020_fdma_acceptance_friction.pdf,9,pdftotext_layout_plus_render_review,checked,5.476967718534639,-0.02303228146536096
2020,43,熊本県,7567,236,3.1,53,20,2020_fdma_acceptance_friction.pdf,9,pdftotext_layout_plus_render_review,checked,3.1188053389718515,0.018805338971851437
2020,44,大分県,5716,189,3.3,38,14,2020_fdma_acceptance_friction.pdf,9,pdftotext_layout_plus_render_review,checked,3.3065080475857243,0.00650804758572443
2020,45,宮崎県,5853,349,6.0,72,35,2020_fdma_acceptance_friction.pdf,9,pdftotext_layout_plus_render_review,checked,5.962754143174441,-0.037245856825559365
2020,46,鹿児島県,6172,281,4.6,64,26,2020_fdma_acceptance_friction.pdf,9,pdftotext_layout_plus_render_review,checked,4.5528191834089435,-0.04718081659105611
2020,47,沖縄県,7341,90,1.2,23,8,2020_fdma_acceptance_friction.pdf,9,pdftotext_layout_plus_render_review,checked,1.2259910093992643,0.025991009399264353
2021,1,北海道,21449,1513,7.1,370,141,2021_fdma_acceptance_friction.pdf,9,pdftotext_layout_plus_render_review,checked,7.053941908713693,-0.04605809128630689
2021,2,青森県,7389,332,4.5,45,14,2021_fdma_acceptance_friction.pdf,9,pdftotext_layout_plus_render_review,checked,4.493165516308025,-0.006834483691974924
2021,3,岩手県,6247,382,6.1,57,21,2021_fdma_acceptance_friction.pdf,9,pdftotext_layout_plus_render_review,checked,6.114935168881063,0.014935168881063277
2021,4,宮城県,8935,906,10.1,200,85,2021_fdma_acceptance_friction.pdf,9,pdftotext_layout_plus_render_review,checked,10.139899272523783,0.039899272523783225
2021,5,秋田県,7719,79,1.0,19,10,2021_fdma_acceptance_friction.pdf,9,pdftotext_layout_plus_render_review,checked,1.023448633242648,0.02344863324264801
2021,6,山形県,6138,390,6.4,75,22,2021_fdma_acceptance_friction.pdf,9,pdftotext_layout_plus_render_review,checked,6.35386119257087,-0.04613880742913068
2021,7,福島県,8484,886,10.4,280,93,2021_fdma_acceptance_friction.pdf,9,pdftotext_layout_plus_render_review,checked,10.443187175860443,0.043187175860442295
2021,8,茨城県,10116,757,7.5,171,62,2021_fdma_acceptance_friction.pdf,9,pdftotext_layout_plus_render_review,checked,7.483194938710953,-0.01680506128904735
2021,9,栃木県,6939,486,7.0,126,41,2021_fdma_acceptance_friction.pdf,9,pdftotext_layout_plus_render_review,checked,7.003891050583658,0.0038910505836575737
2021,10,群馬県,9111,406,4.5,87,34,2021_fdma_acceptance_friction.pdf,9,pdftotext_layout_plus_render_review,checked,4.456151904291516,-0.04384809570848436
2021,11,埼玉県,24490,4431,18.1,1626,781,2021_fdma_acceptance_friction.pdf,9,pdftotext_layout_plus_render_review,checked,18.09309922417313,-0.006900775826871097
2021,12,千葉県,18454,2807,15.2,905,423,2021_fdma_acceptance_friction.pdf,9,pdftotext_layout_plus_render_review,checked,15.210794407716484,0.01079440771648521
2021,13,東京都,43062,5428,12.6,2452,1248,2021_fdma_acceptance_friction.pdf,9,pdftotext_layout_plus_render_review,checked,12.60508104593377,0.005081045933771122
2021,14,神奈川県,32745,4214,12.9,1163,453,2021_fdma_acceptance_friction.pdf,9,pdftotext_layout_plus_render_review,checked,12.869140326767445,-0.03085967323255545
2021,15,新潟県,11736,709,6.0,184,79,2021_fdma_acceptance_friction.pdf,9,pdftotext_layout_plus_render_review,checked,6.041240627130198,0.041240627130197716
2021,16,富山県,4257,28,0.7,11,4,2021_fdma_acceptance_friction.pdf,9,pdftotext_layout_plus_render_review,checked,0.6577401926239136,-0.04225980737608637
2021,17,石川県,6276,192,3.1,34,10,2021_fdma_acceptance_friction.pdf,9,pdftotext_layout_plus_render_review,checked,3.0592734225621414,-0.04072657743785868
2021,18,福井県,3515,55,1.6,11,3,2021_fdma_acceptance_friction.pdf,9,pdftotext_layout_plus_render_review,checked,1.5647226173541964,-0.03527738264580371
2021,19,山梨県,3370,260,7.7,57,21,2021_fdma_acceptance_friction.pdf,9,pdftotext_layout_plus_render_review,checked,7.71513353115727,0.015133531157269786
2021,20,長野県,8401,261,3.1,40,22,2021_fdma_acceptance_friction.pdf,9,pdftotext_layout_plus_render_review,checked,3.106773003213903,0.0067730032139028395
2021,21,岐阜県,9105,195,2.1,58,27,2021_fdma_acceptance_friction.pdf,9,pdftotext_layout_plus_render_review,checked,2.1416803953871497,0.04168039538714963
2021,22,静岡県,9971,638,6.4,153,51,2021_fdma_acceptance_friction.pdf,9,pdftotext_layout_plus_render_review,checked,6.3985558118543775,-0.00144418814562286
2021,23,愛知県,19543,278,1.4,72,26,2021_fdma_acceptance_friction.pdf,9,pdftotext_layout_plus_render_review,checked,1.4225042214603694,0.022504221460369456
2021,24,三重県,9036,368,4.1,95,42,2021_fdma_acceptance_friction.pdf,9,pdftotext_layout_plus_render_review,checked,4.0725984949092515,-0.027401505090748124
2021,25,滋賀県,2963,47,1.6,18,8,2021_fdma_acceptance_friction.pdf,9,pdftotext_layout_plus_render_review,checked,1.5862301721228484,-0.013769827877151641
2021,26,京都府,7462,325,4.4,61,19,2021_fdma_acceptance_friction.pdf,9,pdftotext_layout_plus_render_review,checked,4.355400696864112,-0.04459930313588867
2021,27,大阪府,15662,1204,7.7,338,174,2021_fdma_acceptance_friction.pdf,9,pdftotext_layout_plus_render_review,checked,7.687396245690206,-0.012603754309794546
2021,28,兵庫県,15386,1320,8.6,373,162,2021_fdma_acceptance_friction.pdf,9,pdftotext_layout_plus_render_review,checked,8.579227869491746,-0.020772130508253994
2021,29,奈良県,4199,407,9.7,86,35,2021_fdma_acceptance_friction.pdf,9,pdftotext_layout_plus_render_review,checked,9.692783996189569,-0.007216003810430749
2021,30,和歌山県,4474,155,3.5,39,18,2021_fdma_acceptance_friction.pdf,9,pdftotext_layout_plus_render_review,checked,3.4644613321412607,-0.03553866785873927
2021,31,鳥取県,2226,39,1.8,9,5,2021_fdma_acceptance_friction.pdf,9,pdftotext_layout_plus_render_review,checked,1.752021563342318,-0.04797843665768209
2021,32,島根県,2941,79,2.7,16,4,2021_fdma_acceptance_friction.pdf,9,pdftotext_layout_plus_render_review,checked,2.6861611696701804,-0.013838830329819807
2021,33,岡山県,10321,1133,11.0,405,135,2021_fdma_acceptance_friction.pdf,9,pdftotext_layout_plus_render_review,checked,10.977618447824824,-0.02238155217517601
2021,34,広島県,11055,937,8.5,242,96,2021_fdma_acceptance_friction.pdf,9,pdftotext_layout_plus_render_review,checked,8.475802804161013,-0.02419719583898683
2021,35,山口県,4068,285,7.0,47,13,2021_fdma_acceptance_friction.pdf,9,pdftotext_layout_plus_render_review,checked,7.005899705014749,0.005899705014749124
2021,36,徳島県,3845,182,4.7,37,15,2021_fdma_acceptance_friction.pdf,9,pdftotext_layout_plus_render_review,checked,4.733420026007803,0.033420026007802583
2021,37,香川県,4617,212,4.6,47,25,2021_fdma_acceptance_friction.pdf,9,pdftotext_layout_plus_render_review,checked,4.59172622915313,-0.008273770846869866
2021,38,愛媛県,6553,185,2.8,44,18,2021_fdma_acceptance_friction.pdf,9,pdftotext_layout_plus_render_review,checked,2.823134442240195,0.02313444224019534
2021,39,高知県,4954,187,3.8,32,8,2021_fdma_acceptance_friction.pdf,9,pdftotext_layout_plus_render_review,checked,3.774727492935002,-0.02527250706499773
2021,40,福岡県,11559,248,2.1,54,22,2021_fdma_acceptance_friction.pdf,9,pdftotext_layout_plus_render_review,checked,2.1455143178475646,0.045514317847564545
2021,41,佐賀県,3580,108,3.0,23,11,2021_fdma_acceptance_friction.pdf,9,pdftotext_layout_plus_render_review,checked,3.016759776536313,0.016759776536312998
2021,42,長崎県,5253,317,6.0,65,22,2021_fdma_acceptance_friction.pdf,9,pdftotext_layout_plus_render_review,checked,6.034646868456121,0.03464686845612075
2021,43,熊本県,7497,237,3.2,46,12,2021_fdma_acceptance_friction.pdf,9,pdftotext_layout_plus_render_review,checked,3.161264505802321,-0.03873549419767919
2021,44,大分県,5880,235,4.0,50,22,2021_fdma_acceptance_friction.pdf,9,pdftotext_layout_plus_render_review,checked,3.996598639455782,-0.003401360544217802
2021,45,宮崎県,6073,450,7.4,96,37,2021_fdma_acceptance_friction.pdf,9,pdftotext_layout_plus_render_review,checked,7.4098468631648275,0.009846863164827191
2021,46,鹿児島県,6114,269,4.4,49,14,2021_fdma_acceptance_friction.pdf,9,pdftotext_layout_plus_render_review,checked,4.399738305528296,-0.00026169447170421023
2021,47,沖縄県,7208,147,2.0,48,19,2021_fdma_acceptance_friction.pdf,9,pdftotext_layout_plus_render_review,checked,2.039400665926748,0.03940066592674807
2022,1,北海道,23050,2292,9.9,703,315,2022_fdma_acceptance_friction.pdf,9,pdftotext_layout_plus_render_review,checked,9.943600867678958,0.043600867678957655
2022,2,青森県,7718,397,5.1,71,24,2022_fdma_acceptance_friction.pdf,9,pdftotext_layout_plus_render_review,checked,5.143819642394402,0.043819642394402614
2022,3,岩手県,6604,517,7.8,107,39,2022_fdma_acceptance_friction.pdf,9,pdftotext_layout_plus_render_review,checked,7.828588734100546,0.028588734100545743
2022,4,宮城県,8904,1281,14.4,432,188,2022_fdma_acceptance_friction.pdf,9,pdftotext_layout_plus_render_review,checked,14.38679245283019,-0.013207547169811207
2022,5,秋田県,8601,186,2.2,61,37,2022_fdma_acceptance_friction.pdf,9,pdftotext_layout_plus_render_review,checked,2.1625392396232996,-0.03746076037670054
2022,6,山形県,6352,569,9.0,170,61,2022_fdma_acceptance_friction.pdf,9,pdftotext_layout_plus_render_review,checked,8.957808564231739,-0.04219143576826134
2022,7,福島県,8791,1139,13.0,383,167,2022_fdma_acceptance_friction.pdf,9,pdftotext_layout_plus_render_review,checked,12.956432715276987,-0.043567284723012634
2022,8,茨城県,11452,1235,10.8,407,179,2022_fdma_acceptance_friction.pdf,9,pdftotext_layout_plus_render_review,checked,10.784142507858888,-0.015857492141112317
2022,9,栃木県,7622,850,11.2,284,117,2022_fdma_acceptance_friction.pdf,9,pdftotext_layout_plus_render_review,checked,11.151928627656783,-0.04807137234321601
2022,10,群馬県,9522,668,7.0,192,87,2022_fdma_acceptance_friction.pdf,9,pdftotext_layout_plus_render_review,checked,7.015332913253518,0.015332913253518043
2022,11,埼玉県,27504,6377,23.2,2694,1400,2022_fdma_acceptance_friction.pdf,9,pdftotext_layout_plus_render_review,checked,23.185718440954044,-0.01428155904595485
2022,12,千葉県,19832,3999,20.2,1704,963,2022_fdma_acceptance_friction.pdf,9,pdftotext_layout_plus_render_review,checked,20.164380798709157,-0.035619201290842284
2022,13,東京都,45515,9278,20.4,4612,2571,2022_fdma_acceptance_friction.pdf,9,pdftotext_layout_plus_render_review,checked,20.384488630121936,-0.015511369878062453
2022,14,神奈川県,33506,5177,15.5,1674,723,2022_fdma_acceptance_friction.pdf,9,pdftotext_layout_plus_render_review,checked,15.450964006446606,-0.049035993553394164
2022,15,新潟県,12054,666,5.5,216,85,2022_fdma_acceptance_friction.pdf,9,pdftotext_layout_plus_render_review,checked,5.525136884021902,0.02513688402190173
2022,16,富山県,4634,51,1.1,16,9,2022_fdma_acceptance_friction.pdf,9,pdftotext_layout_plus_render_review,checked,1.10056107034959,0.0005610703495899649
2022,17,石川県,6182,286,4.6,59,19,2022_fdma_acceptance_friction.pdf,9,pdftotext_layout_plus_render_review,checked,4.6263345195729535,0.02633451957295385
2022,18,福井県,3380,91,2.7,23,10,2022_fdma_acceptance_friction.pdf,9,pdftotext_layout_plus_render_review,checked,2.6923076923076925,-0.007692307692307665
2022,19,山梨県,3568,310,8.7,84,38,2022_fdma_acceptance_friction.pdf,9,pdftotext_layout_plus_render_review,checked,8.688340807174887,-0.011659192825112186
2022,20,長野県,9611,429,4.5,86,36,2022_fdma_acceptance_friction.pdf,9,pdftotext_layout_plus_render_review,checked,4.463635417750495,-0.03636458224950534
2022,21,岐阜県,9636,282,2.9,72,31,2022_fdma_acceptance_friction.pdf,9,pdftotext_layout_plus_render_review,checked,2.9265255292652554,0.026525529265255532
2022,22,静岡県,9963,636,6.4,175,73,2022_fdma_acceptance_friction.pdf,9,pdftotext_layout_plus_render_review,checked,6.383619391749473,-0.016380608250527118
2022,23,愛知県,20884,466,2.2,149,73,2022_fdma_acceptance_friction.pdf,9,pdftotext_layout_plus_render_review,checked,2.231373300134074,0.03137330013407391
2022,24,三重県,9940,522,5.3,162,62,2022_fdma_acceptance_friction.pdf,9,pdftotext_layout_plus_render_review,checked,5.251509054325956,-0.048490945674044106
2022,25,滋賀県,3237,55,1.7,19,11,2022_fdma_acceptance_friction.pdf,9,pdftotext_layout_plus_render_review,checked,1.699104108742663,-0.0008958912573369116
2022,26,京都府,7981,622,7.8,159,75,2022_fdma_acceptance_friction.pdf,9,pdftotext_layout_plus_render_review,checked,7.793509585265005,-0.00649041473499512
2022,27,大阪府,17990,2110,11.7,713,389,2022_fdma_acceptance_friction.pdf,9,pdftotext_layout_plus_render_review,checked,11.728738187882156,0.02873818788215665
2022,28,兵庫県,16391,2124,13.0,758,354,2022_fdma_acceptance_friction.pdf,9,pdftotext_layout_plus_render_review,checked,12.958330791287901,-0.04166920871209889
2022,29,奈良県,4275,731,17.1,281,144,2022_fdma_acceptance_friction.pdf,9,pdftotext_layout_plus_render_review,checked,17.099415204678362,-0.0005847953216395751
2022,30,和歌山県,4584,193,4.2,51,22,2022_fdma_acceptance_friction.pdf,9,pdftotext_layout_plus_render_review,checked,4.210296684118673,0.010296684118673127
2022,31,鳥取県,2364,77,3.3,18,7,2022_fdma_acceptance_friction.pdf,9,pdftotext_layout_plus_render_review,checked,3.257191201353638,-0.04280879864636189
2022,32,島根県,3163,104,3.3,16,3,2022_fdma_acceptance_friction.pdf,9,pdftotext_layout_plus_render_review,checked,3.2880177047107177,-0.011982295289282074
2022,33,岡山県,10500,677,6.4,179,73,2022_fdma_acceptance_friction.pdf,9,pdftotext_layout_plus_render_review,checked,6.447619047619048,0.04761904761904745
2022,34,広島県,11214,1177,10.5,353,129,2022_fdma_acceptance_friction.pdf,9,pdftotext_layout_plus_render_review,checked,10.495808810415552,-0.004191189584448196
2022,35,山口県,4294,413,9.6,116,56,2022_fdma_acceptance_friction.pdf,9,pdftotext_layout_plus_render_review,checked,9.618071727992549,0.01807172799254886
2022,36,徳島県,4117,362,8.8,113,41,2022_fdma_acceptance_friction.pdf,9,pdftotext_layout_plus_render_review,checked,8.792810298761234,-0.0071897012387669434
2022,37,香川県,4587,433,9.4,143,78,2022_fdma_acceptance_friction.pdf,9,pdftotext_layout_plus_render_review,checked,9.439720950512317,0.03972095051231683
2022,38,愛媛県,6921,254,3.7,49,24,2022_fdma_acceptance_friction.pdf,9,pdftotext_layout_plus_render_review,checked,3.6699898858546454,-0.030010114145354816
2022,39,高知県,5293,366,6.9,94,42,2022_fdma_acceptance_friction.pdf,9,pdftotext_layout_plus_render_review,checked,6.914793122992632,0.014793122992631247
2022,40,福岡県,12030,472,3.9,166,86,2022_fdma_acceptance_friction.pdf,9,pdftotext_layout_plus_render_review,checked,3.923524522028263,0.02352452202826294
2022,41,佐賀県,3970,204,5.1,34,15,2022_fdma_acceptance_friction.pdf,9,pdftotext_layout_plus_render_review,checked,5.138539042821159,0.038539042821159164
2022,42,長崎県,5311,415,7.8,107,33,2022_fdma_acceptance_friction.pdf,9,pdftotext_layout_plus_render_review,checked,7.813971003577481,0.013971003577481156
2022,43,熊本県,8139,487,6.0,125,46,2022_fdma_acceptance_friction.pdf,9,pdftotext_layout_plus_render_review,checked,5.983536060941147,-0.016463939058852795
2022,44,大分県,6488,354,5.5,86,31,2022_fdma_acceptance_friction.pdf,9,pdftotext_layout_plus_render_review,checked,5.456226880394575,-0.04377311960542496
2022,45,宮崎県,6629,718,10.8,190,73,2022_fdma_acceptance_friction.pdf,9,pdftotext_layout_plus_render_review,checked,10.831196258862574,0.0311962588625736
2022,46,鹿児島県,6273,356,5.7,90,37,2022_fdma_acceptance_friction.pdf,9,pdftotext_layout_plus_render_review,checked,5.675115574685159,-0.024884425314841252
2022,47,沖縄県,8264,207,2.5,62,25,2022_fdma_acceptance_friction.pdf,9,pdftotext_layout_plus_render_review,checked,2.504840271055179,0.004840271055178924
2023,1,北海道,23281,2254,9.7,641,230,2023_fdma_acceptance_friction.pdf,9,pdftotext_layout_plus_render_review,checked,9.681714702976675,-0.01828529702332382
2023,2,青森県,7834,385,4.9,57,12,2023_fdma_acceptance_friction.pdf,9,pdftotext_layout_plus_render_review,checked,4.914475363798825,0.014475363798824858
2023,3,岩手県,6447,538,8.3,141,51,2023_fdma_acceptance_friction.pdf,9,pdftotext_layout_plus_render_review,checked,8.344966651155577,0.04496665115557619
2023,4,宮城県,9326,1265,13.6,400,152,2023_fdma_acceptance_friction.pdf,9,pdftotext_layout_plus_render_review,checked,13.56422903710058,-0.035770962899420056
2023,5,秋田県,8697,180,2.1,50,22,2023_fdma_acceptance_friction.pdf,9,pdftotext_layout_plus_render_review,checked,2.069679199724043,-0.030320800275957183
2023,6,山形県,6007,493,8.2,137,49,2023_fdma_acceptance_friction.pdf,9,pdftotext_layout_plus_render_review,checked,8.207091726319295,0.007091726319295333
2023,7,福島県,8817,1068,12.1,346,144,2023_fdma_acceptance_friction.pdf,9,pdftotext_layout_plus_render_review,checked,12.112963593058863,0.01296359305886341
2023,8,茨城県,11108,1338,12.0,436,189,2023_fdma_acceptance_friction.pdf,9,pdftotext_layout_plus_render_review,checked,12.04537270435722,0.04537270435722007
2023,9,栃木県,7920,810,10.2,268,112,2023_fdma_acceptance_friction.pdf,9,pdftotext_layout_plus_render_review,checked,10.227272727272727,0.027272727272727337
2023,10,群馬県,9700,679,7.0,170,67,2023_fdma_acceptance_friction.pdf,9,pdftotext_layout_plus_render_review,checked,7.0,0.0
2023,11,埼玉県,27129,6028,22.2,2384,1163,2023_fdma_acceptance_friction.pdf,9,pdftotext_layout_plus_render_review,checked,22.219764827306573,0.019764827306573807
2023,12,千葉県,20566,4365,21.2,1785,919,2023_fdma_acceptance_friction.pdf,9,pdftotext_layout_plus_render_review,checked,21.224350870368568,0.024350870368568422
2023,13,東京都,46944,10739,22.9,4016,1862,2023_fdma_acceptance_friction.pdf,9,pdftotext_layout_plus_render_review,checked,22.876192910702112,-0.023807089297886108
2023,14,神奈川県,33223,4601,13.8,1195,381,2023_fdma_acceptance_friction.pdf,9,pdftotext_layout_plus_render_review,checked,13.84883965927219,0.048839659272189806
2023,15,新潟県,11923,642,5.4,155,72,2023_fdma_acceptance_friction.pdf,9,pdftotext_layout_plus_render_review,checked,5.384550868070116,-0.015449131929884174
2023,16,富山県,4393,42,1.0,11,3,2023_fdma_acceptance_friction.pdf,9,pdftotext_layout_plus_render_review,checked,0.9560664693831095,-0.04393353061689054
2023,17,石川県,6063,274,4.5,55,13,2023_fdma_acceptance_friction.pdf,9,pdftotext_layout_plus_render_review,checked,4.519214910110506,0.01921491011050591
2023,18,福井県,3435,85,2.5,19,8,2023_fdma_acceptance_friction.pdf,9,pdftotext_layout_plus_render_review,checked,2.4745269286754,-0.02547307132459986
2023,19,山梨県,3491,341,9.8,107,51,2023_fdma_acceptance_friction.pdf,9,pdftotext_layout_plus_render_review,checked,9.767974792323116,-0.03202520767688455
2023,20,長野県,9811,412,4.2,71,24,2023_fdma_acceptance_friction.pdf,9,pdftotext_layout_plus_render_review,checked,4.199368056263378,-0.0006319437366224534
2023,21,岐阜県,9323,265,2.8,81,34,2023_fdma_acceptance_friction.pdf,9,pdftotext_layout_plus_render_review,checked,2.842432693339054,0.04243269333905397
2023,22,静岡県,9897,683,6.9,182,59,2023_fdma_acceptance_friction.pdf,9,pdftotext_layout_plus_render_review,checked,6.901081135697686,0.0010811356976860864
2023,23,愛知県,20338,304,1.5,88,37,2023_fdma_acceptance_friction.pdf,9,pdftotext_layout_plus_render_review,checked,1.494738912380765,-0.005261087619234939
2023,24,三重県,10095,421,4.2,104,38,2023_fdma_acceptance_friction.pdf,9,pdftotext_layout_plus_render_review,checked,4.170381376919267,-0.02961862308073293
2023,25,滋賀県,3125,52,1.7,15,7,2023_fdma_acceptance_friction.pdf,9,pdftotext_layout_plus_render_review,checked,1.664,-0.03600000000000003
2023,26,京都府,7723,489,6.3,117,45,2023_fdma_acceptance_friction.pdf,9,pdftotext_layout_plus_render_review,checked,6.331736371876214,0.03173637187621381
2023,27,大阪府,18007,1710,9.5,440,196,2023_fdma_acceptance_friction.pdf,9,pdftotext_layout_plus_render_review,checked,9.49630699172544,-0.0036930082745598725
2023,28,兵庫県,16188,1711,10.6,527,228,2023_fdma_acceptance_friction.pdf,9,pdftotext_layout_plus_render_review,checked,10.569557697059551,-0.030442302940448585
2023,29,奈良県,4185,630,15.1,182,82,2023_fdma_acceptance_friction.pdf,9,pdftotext_layout_plus_render_review,checked,15.053763440860216,-0.04623655913978375
2023,30,和歌山県,4360,180,4.1,50,22,2023_fdma_acceptance_friction.pdf,9,pdftotext_layout_plus_render_review,checked,4.128440366972477,0.028440366972477094
2023,31,鳥取県,2687,65,2.4,17,9,2023_fdma_acceptance_friction.pdf,9,pdftotext_layout_plus_render_review,checked,2.4190547078526237,0.019054707852623753
2023,32,島根県,2990,96,3.2,12,6,2023_fdma_acceptance_friction.pdf,9,pdftotext_layout_plus_render_review,checked,3.210702341137124,0.01070234113712365
2023,33,岡山県,10406,734,7.1,210,86,2023_fdma_acceptance_friction.pdf,9,pdftotext_layout_plus_render_review,checked,7.053622909859697,-0.04637709014030289
2023,34,広島県,10638,1077,10.1,314,121,2023_fdma_acceptance_friction.pdf,9,pdftotext_layout_plus_render_review,checked,10.124083474337281,0.02408347433728153
2023,35,山口県,4065,419,10.3,98,49,2023_fdma_acceptance_friction.pdf,9,pdftotext_layout_plus_render_review,checked,10.30750307503075,0.007503075030749429
2023,36,徳島県,4232,402,9.5,112,49,2023_fdma_acceptance_friction.pdf,9,pdftotext_layout_plus_render_review,checked,9.499054820415878,-0.0009451795841215471
2023,37,香川県,4274,504,11.8,187,86,2023_fdma_acceptance_friction.pdf,9,pdftotext_layout_plus_render_review,checked,11.792232101076275,-0.00776789892372598
2023,38,愛媛県,6760,277,4.1,51,18,2023_fdma_acceptance_friction.pdf,9,pdftotext_layout_plus_render_review,checked,4.097633136094674,-0.002366863905325367
2023,39,高知県,5014,390,7.8,97,32,2023_fdma_acceptance_friction.pdf,9,pdftotext_layout_plus_render_review,checked,7.778220981252493,-0.021779018747507095
2023,40,福岡県,12145,469,3.9,167,81,2023_fdma_acceptance_friction.pdf,9,pdftotext_layout_plus_render_review,checked,3.861671469740634,-0.03832853025936611
2023,41,佐賀県,3992,195,4.9,44,20,2023_fdma_acceptance_friction.pdf,9,pdftotext_layout_plus_render_review,checked,4.884769539078157,-0.015230460921843658
2023,42,長崎県,5117,406,7.9,133,51,2023_fdma_acceptance_friction.pdf,9,pdftotext_layout_plus_render_review,checked,7.934336525307797,0.03433652530779696
2023,43,熊本県,8033,483,6.0,125,51,2023_fdma_acceptance_friction.pdf,9,pdftotext_layout_plus_render_review,checked,6.0126976223079796,0.01269762230797955
2023,44,大分県,6128,281,4.6,79,35,2023_fdma_acceptance_friction.pdf,9,pdftotext_layout_plus_render_review,checked,4.585509138381201,-0.014490861618798867
2023,45,宮崎県,7010,859,12.3,309,133,2023_fdma_acceptance_friction.pdf,9,pdftotext_layout_plus_render_review,checked,12.253922967189729,-0.0460770328102722
2023,46,鹿児島県,6196,387,6.2,90,35,2023_fdma_acceptance_friction.pdf,9,pdftotext_layout_plus_render_review,checked,6.245965138799225,0.04596513879922526
2023,47,沖縄県,8706,259,3.0,34,9,2023_fdma_acceptance_friction.pdf,9,pdftotext_layout_plus_render_review,checked,2.9749597978405697,-0.025040202159430258
2024,1,北海道,24319,2459,10.1,619,213,2024_fdma_acceptance_friction.pdf,9,pdftotext_layout_plus_render_review,checked,10.111435503104568,0.011435503104568312
2024,2,青森県,7211,306,4.2,58,18,2024_fdma_acceptance_friction.pdf,9,pdftotext_layout_plus_render_review,checked,4.243516849258078,0.04351684925807753
2024,3,岩手県,6105,462,7.6,96,32,2024_fdma_acceptance_friction.pdf,9,pdftotext_layout_plus_render_review,checked,7.5675675675675675,-0.0324324324324321
2024,4,宮城県,9327,1335,14.3,379,146,2024_fdma_acceptance_friction.pdf,9,pdftotext_layout_plus_render_review,checked,14.31328401415246,0.013284014152459278
2024,5,秋田県,8576,153,1.8,32,13,2024_fdma_acceptance_friction.pdf,9,pdftotext_layout_plus_render_review,checked,1.7840485074626866,-0.015951492537313428
2024,6,山形県,5414,428,7.9,95,29,2024_fdma_acceptance_friction.pdf,9,pdftotext_layout_plus_render_review,checked,7.905430365718508,0.005430365718507524
2024,7,福島県,8817,1002,11.4,290,112,2024_fdma_acceptance_friction.pdf,9,pdftotext_layout_plus_render_review,checked,11.364409663150731,-0.03559033684926938
2024,8,茨城県,11914,1317,11.1,445,191,2024_fdma_acceptance_friction.pdf,9,pdftotext_layout_plus_render_review,checked,11.054221923787141,-0.045778076212858565
2024,9,栃木県,8253,819,9.9,246,92,2024_fdma_acceptance_friction.pdf,9,pdftotext_layout_plus_render_review,checked,9.923664122137405,0.02366412213740432
2024,10,群馬県,9656,688,7.1,161,44,2024_fdma_acceptance_friction.pdf,9,pdftotext_layout_plus_render_review,checked,7.125103562551781,0.0251035625517817
2024,11,埼玉県,27461,5916,21.5,2260,1086,2024_fdma_acceptance_friction.pdf,9,pdftotext_layout_plus_render_review,checked,21.543279560103418,0.043279560103417936
2024,12,千葉県,21409,4515,21.1,1740,822,2024_fdma_acceptance_friction.pdf,9,pdftotext_layout_plus_render_review,checked,21.08926152552665,-0.010738474473352966
2024,13,東京都,48175,11162,23.2,3597,1468,2024_fdma_acceptance_friction.pdf,9,pdftotext_layout_plus_render_review,checked,23.16969382459782,-0.030306175402177615
2024,14,神奈川県,34022,4849,14.3,1232,439,2024_fdma_acceptance_friction.pdf,9,pdftotext_layout_plus_render_review,checked,14.252542472517783,-0.04745752748221754
2024,15,新潟県,11800,604,5.1,156,61,2024_fdma_acceptance_friction.pdf,9,pdftotext_layout_plus_render_review,checked,5.11864406779661,0.01864406779661021
2024,16,富山県,4405,41,0.9,16,10,2024_fdma_acceptance_friction.pdf,9,pdftotext_layout_plus_render_review,checked,0.9307604994324631,0.030760499432463062
2024,17,石川県,5991,274,4.6,49,17,2024_fdma_acceptance_friction.pdf,9,pdftotext_layout_plus_render_review,checked,4.57352695710232,-0.026473042897679377
2024,18,福井県,3382,76,2.2,17,12,2024_fdma_acceptance_friction.pdf,9,pdftotext_layout_plus_render_review,checked,2.247191011235955,0.04719101123595504
2024,19,山梨県,3662,361,9.9,109,50,2024_fdma_acceptance_friction.pdf,9,pdftotext_layout_plus_render_review,checked,9.85800109229929,-0.041998907700710575
2024,20,長野県,10088,442,4.4,96,43,2024_fdma_acceptance_friction.pdf,9,pdftotext_layout_plus_render_review,checked,4.381443298969073,-0.01855670103092777
2024,21,岐阜県,9492,204,2.1,56,20,2024_fdma_acceptance_friction.pdf,9,pdftotext_layout_plus_render_review,checked,2.1491782553729455,0.0491782553729454
2024,22,静岡県,9678,590,6.1,158,53,2024_fdma_acceptance_friction.pdf,9,pdftotext_layout_plus_render_review,checked,6.09630088861335,-0.0036991113866493563
2024,23,愛知県,20870,301,1.4,67,25,2024_fdma_acceptance_friction.pdf,9,pdftotext_layout_plus_render_review,checked,1.4422616195495928,0.042261619549592844
2024,24,三重県,10281,335,3.3,76,25,2024_fdma_acceptance_friction.pdf,9,pdftotext_layout_plus_render_review,checked,3.2584378951463866,-0.041562104853613224
2024,25,滋賀県,3037,43,1.4,11,5,2024_fdma_acceptance_friction.pdf,9,pdftotext_layout_plus_render_review,checked,1.415870925255186,0.015870925255186075
2024,26,京都府,8240,383,4.6,85,26,2024_fdma_acceptance_friction.pdf,9,pdftotext_layout_plus_render_review,checked,4.648058252427185,0.04805825242718509
2024,27,大阪府,18322,1773,9.7,389,133,2024_fdma_acceptance_friction.pdf,9,pdftotext_layout_plus_render_review,checked,9.676891169086344,-0.0231088309136549
2024,28,兵庫県,16304,1402,8.6,341,118,2024_fdma_acceptance_friction.pdf,9,pdftotext_layout_plus_render_review,checked,8.599116781157997,-0.0008832188420022646
2024,29,奈良県,4292,549,12.8,134,43,2024_fdma_acceptance_friction.pdf,9,pdftotext_layout_plus_render_review,checked,12.791239515377447,-0.008760484622554188
2024,30,和歌山県,4571,174,3.8,49,16,2024_fdma_acceptance_friction.pdf,9,pdftotext_layout_plus_render_review,checked,3.8066068693940056,0.006606869394005788
2024,31,鳥取県,2488,55,2.2,17,3,2024_fdma_acceptance_friction.pdf,9,pdftotext_layout_plus_render_review,checked,2.210610932475884,0.01061093247588385
2024,32,島根県,3052,105,3.4,15,5,2024_fdma_acceptance_friction.pdf,9,pdftotext_layout_plus_render_review,checked,3.4403669724770642,0.04036697247706433
2024,33,岡山県,10119,689,6.8,182,65,2024_fdma_acceptance_friction.pdf,9,pdftotext_layout_plus_render_review,checked,6.8089732186975,0.00897321869750023
2024,34,広島県,10164,1117,11.0,324,109,2024_fdma_acceptance_friction.pdf,9,pdftotext_layout_plus_render_review,checked,10.989767807949626,-0.010232192050374067
2024,35,山口県,4265,408,9.6,101,34,2024_fdma_acceptance_friction.pdf,9,pdftotext_layout_plus_render_review,checked,9.566236811254397,-0.03376318874560269
2024,36,徳島県,4086,377,9.2,104,44,2024_fdma_acceptance_friction.pdf,9,pdftotext_layout_plus_render_review,checked,9.226627508565835,0.026627508565836067
2024,37,香川県,4485,547,12.2,178,72,2024_fdma_acceptance_friction.pdf,9,pdftotext_layout_plus_render_review,checked,12.196209587513936,-0.003790412486063488
2024,38,愛媛県,6805,243,3.6,50,19,2024_fdma_acceptance_friction.pdf,9,pdftotext_layout_plus_render_review,checked,3.570903747244673,-0.0290962527553269
2024,39,高知県,4909,348,7.1,69,20,2024_fdma_acceptance_friction.pdf,9,pdftotext_layout_plus_render_review,checked,7.089020167040131,-0.01097983295986893
2024,40,福岡県,12028,417,3.5,121,43,2024_fdma_acceptance_friction.pdf,9,pdftotext_layout_plus_render_review,checked,3.466910542068507,-0.033089457931493094
2024,41,佐賀県,4090,204,5.0,43,15,2024_fdma_acceptance_friction.pdf,9,pdftotext_layout_plus_render_review,checked,4.987775061124695,-0.012224938875305291
2024,42,長崎県,5021,369,7.3,86,27,2024_fdma_acceptance_friction.pdf,9,pdftotext_layout_plus_render_review,checked,7.349133638717387,0.04913363871738685
2024,43,熊本県,7889,481,6.1,107,35,2024_fdma_acceptance_friction.pdf,9,pdftotext_layout_plus_render_review,checked,6.097097223982761,-0.0029027760172386508
2024,44,大分県,6589,373,5.7,90,33,2024_fdma_acceptance_friction.pdf,9,pdftotext_layout_plus_render_review,checked,5.660950068295644,-0.03904993170435578
2024,45,宮崎県,7030,807,11.5,207,62,2024_fdma_acceptance_friction.pdf,9,pdftotext_layout_plus_render_review,checked,11.479374110953058,-0.020625889046941737
2024,46,鹿児島県,6156,345,5.6,76,25,2024_fdma_acceptance_friction.pdf,9,pdftotext_layout_plus_render_review,checked,5.604288499025341,0.004288499025341785
2024,47,沖縄県,8528,224,2.6,29,10,2024_fdma_acceptance_friction.pdf,9,pdftotext_layout_plus_render_review,checked,2.626641651031895,0.026641651031894753
